id,name,search_query,categories,address,city,country,rating,review_count,lat,lng,minutes_open_weekly,url,phone
ChIJR41zmJ3BeUgRvozwTmLWEF8,Bulwell barbers,Barbers in bulwell,"barber_shop,hair_care,health,point_of_interest,service,establishment","12 Commercial Rd, Bulwell, Nottingham NG6 8HA, UK",,United Kingdom,4.8,142,53.001379099999994,-1.1972975,3780,https://www.tiktok.com/@bulwellbarbers?_t=8qxYxsvxD0r&_r=1,
ChIJAd8TO6jBeUgRfG6K-MDfYZ4,Craft and Cut,Barbers in bulwell,"barber_shop,hair_care,health,point_of_interest,service,establishment","84 Main St, Bulwell, Nottingham NG6 8EW, UK",,United Kingdom,4.8,218,53.002381,-1.1959758999999999,3720,,0115 783 0122
ChIJGyf01CvAeUgRDniaN1Tb6kM,Dana's Barber Shop,Barbers in bulwell,"barber_shop,hair_care,health,point_of_interest,service,establishment","16 Commercial Rd, Bulwell, Nottingham NG6 8HA, UK",,United Kingdom,4.5,183,53.001500899999996,-1.1974263,4140,,07752 291110
ChIJ_eWoen3BeUgR7h5NEegg3FM,AJ Barber,Barbers in bulwell,"barber_shop,hair_care,health,point_of_interest,service,establishment","215 Hucknall Ln, Nottingham NG6 8AH, UK",,United Kingdom,5,258,53.011852999999995,-1.1905742,3810,,07787 191790
ChIJUc2aRYfBeUgRmnH0RJGKtLs,Danas Barber,Barbers in bulwell,"barber_shop,hair_care,health,point_of_interest,service,establishment","50 Main St, Bulwell, Nottingham NG6 8EW, UK",,United Kingdom,4,4,53.0013789,-1.1963849,3990,,07752 291110
ChIJ7SDp4FnBeUgRXBojQgwPEAg,N&S Barbers,Barbers in bulwell,"barber_shop,hair_care,health,point_of_interest,service,establishment","19 Highbury Rd, Nottingham NG6 9DD, UK",,United Kingdom,5,40,52.9911794,-1.1863739,4020,,07447 454202
ChIJD-PS2AzBeUgR7aUO2yQ05BE,Aram cuts,Barbers in bulwell,"barber_shop,hair_care,health,point_of_interest,service,establishment","230 Highbury Rd, Nottingham NG6 9FE, UK",,United Kingdom,4.6,68,52.9965066,-1.1921568,3630,,07490 595647
ChIJsXELIpXBeUgRfQ8uqlJziqU,Rise Park Barber,Barbers in bulwell,"barber_shop,hair_care,health,point_of_interest,service,establishment","5 Bestwood Park Dr W, Nottingham NG5 5EJ, UK",,United Kingdom,5,140,53.010435099999995,-1.1742972,3750,,07383 938597
ChIJE3EByi7AeUgRbRZxz4ehams,Geezers Hair Desgin,Barbers in bulwell,"barber_shop,hair_salon,hair_care,health,point_of_interest,service,establishment","291 Main St, Bulwell, Nottingham NG6 8ED, UK",,United Kingdom,4.4,68,53.003454999999995,-1.1955730000000002,2970,,0115 977 0132
ChIJ265c_ZLreUgRpcOu8cwuGLs,Blade Brothers,Barbers in bulwell,"barber_shop,hair_care,health,point_of_interest,service,establishment","547 Aspley Ln, Nottingham NG8 5RX, UK",,United Kingdom,5,106,52.972796499999994,-1.2086704,3600,http://bladebrothers28.booksy.com/h/,07925 725528
ChIJuWrye87BeUgRw1MP_Uwo0yw,BLADES & SHADES,Barbers in bulwell,"barber_shop,hair_care,health,point_of_interest,service,establishment","BLADES & SHADES, 33 Highbury Rd, Nottingham, Nottinghamshire NG6 9DD, UK",,United Kingdom,4.8,17,52.9915747,-1.1867568,4380,http://blades-shades-barber.square.site/,07453 696106
ChIJ7_ZDMGTBeUgR1To75EuuRjc,Dani's Barbershop,Barbers in bulwell,"barber_shop,hair_care,health,point_of_interest,service,establishment","25 Watnall Rd., Hucknall, Nottingham NG15 7LD, UK",,United Kingdom,5,15,53.0366487,-1.2033391,3600,,07490 679064
ChIJMSjGzyzAeUgRedhW5u2Z24E,Gentlemen's Hairdressing,Barbers in bulwell,"barber_shop,hair_salon,hair_care,health,point_of_interest,service,establishment","270 Highbury Rd, Nottingham NG6 9FE, UK",,United Kingdom,4.8,145,52.9976625,-1.1932532,2370,,0115 837 0100
ChIJiXshDlrBeUgR0mIYOry0Jek,A1 Fade Studio,Barbers in bulwell,"barber_shop,hair_care,health,point_of_interest,service,establishment","353 Aspley Ln, Nottingham NG8 5GB, UK",,United Kingdom,5,11,52.970602199999995,-1.1981238,3600,,07568 145490
ChIJU1YsJMLBeUgRxk6UZ-kgA8M,Master barbers shop,Barbers in bulwell,"barber_shop,hair_care,health,point_of_interest,service,establishment","405 Nuthall Rd, Nottingham NG8 5DG, UK",,United Kingdom,4.6,109,52.977188999999996,-1.1906899,3840,,0115 648 3418
ChIJ4VZ0-CvAeUgRCddYOZw7xmE,HAIR,Barbers in bulwell,"hair_salon,barber_shop,hair_care,health,point_of_interest,service,establishment","1 Main St, Bulwell, Nottingham NG6 8FB, UK",,United Kingdom,4.7,128,53.0017138,-1.1957981,2220,,0115 979 7172
ChIJ9-etoafreUgRXxIHUmkwwPU,Broxtowe Lane Barber,Barbers in bulwell,"barber_shop,hair_care,health,point_of_interest,service,establishment","170 Broxtowe Ln, Nottingham NG8 5NG, UK",,United Kingdom,4.8,97,52.9795449,-1.2080089999999999,3600,,0115 648 7919
ChIJ7YpSO-nBeUgRYpRAkV9PEOE,Bladen Ferris Hair,Barbers in bulwell,"barber_shop,hair_care,health,point_of_interest,service,establishment","1 Main St, Bulwell, Nottingham NG6 8QW, UK",,United Kingdom,5,8,53.0017138,-1.1957981,2250,,07792 710122
ChIJD1GVd2vBeUgRMWFrt3gp2JI,The Saya Cuts,Barbers in bulwell,"barber_shop,hair_care,health,point_of_interest,service,establishment","243 Nottingham Rd, New Basford, Nottingham NG7 7DA, UK",,United Kingdom,5,21,52.9772089,-1.1674646,3780,,07535 675599
ChIJJUj0xSfBeUgRSuqACJMMf_w,Patricks Barbers,Barbers in bulwell,"barber_shop,hair_care,health,point_of_interest,service,establishment","First Floor, Cinderhill, 22A Broxtowe Ln, Nottingham NG8 5NP, UK",,United Kingdom,4.9,261,52.982000299999996,-1.1971698,3570,http://www.patricks-barbers.co.uk/,0115 978 5548
